{
  "threshold": 0.075,
  "fine_grid_rows": 20000,
  "reference_shells": [
    1,
    2,
    3
  ],
  "covered_shells": [
    1,
    2,
    3
  ],
  "missed_by_grid": [],
  "detected_shells": [
    1,
    2,
    3
  ],
  "missed_by_model_after_grid": [],
  "shell_level_grid_coverage": 1.0,
  "shell_level_detection_recall": 1.0,
  "patch": {
    "tp": 127,
    "fp": 1771,
    "fn": 8,
    "tn": 18094,
    "precision": 0.06691253951527924,
    "recall": 0.9407407407407408,
    "f1": 0.12493851451057549
  },
  "pixel": {
    "tp": 8385,
    "fp": 335964,
    "fn": 8009,
    "tn": 491167642,
    "precision": 0.024350295775506826,
    "recall": 0.5114676101012565,
    "f1": 0.04648738852867554
  },
  "covered_patch_count_by_shell": {
    "1": 77,
    "2": 72,
    "3": 30
  },
  "detected_patch_count_by_shell": {
    "1": 75,
    "2": 67,
    "3": 27
  }
}