{
  "config": "training_data/standardized_5kpc_200kms_clean_physical_baseline/train_standardized_high_recall.yaml",
  "model": "runs/pv_unet_clean_physical_baseline_20260522_022751/high_recall_model.keras",
  "split": "test",
  "batch_size": 8,
  "batches": 921,
  "loss": 0.10766094222561942,
  "pixel_pr_auc": 0.3523470163345337,
  "pixel_precision_at_0p5": 0.29937466979026794,
  "pixel_recall_at_0p5": 0.634200930595398,
  "pixel_threshold_metrics": {
    "0.05": {
      "precision": 0.26193728975317127,
      "recall": 0.70153783618996,
      "f1": 0.3814502617097115,
      "tp": 2071080,
      "fp": 5835698,
      "fn": 881120
    },
    "0.075": {
      "precision": 0.2683424403217949,
      "recall": 0.6903441501253302,
      "f1": 0.3864633880403144,
      "tp": 2038034,
      "fp": 5556866,
      "fn": 914166
    },
    "0.1": {
      "precision": 0.2727010417771926,
      "recall": 0.6825296389133527,
      "f1": 0.3896996763984376,
      "tp": 2014964,
      "fp": 5373948,
      "fn": 937236
    },
    "0.15": {
      "precision": 0.2787522524916234,
      "recall": 0.6716448750084683,
      "f1": 0.393987979057833,
      "tp": 1982830,
      "fp": 5130404,
      "fn": 969370
    },
    "0.2": {
      "precision": 0.2830632135251574,
      "recall": 0.663659643655579,
      "f1": 0.39685876388267155,
      "tp": 1959256,
      "fp": 4962364,
      "fn": 992944
    },
    "0.3": {
      "precision": 0.28948804380718723,
      "recall": 0.6519680238466229,
      "f1": 0.4009469041259572,
      "tp": 1924740,
      "fp": 4724032,
      "fn": 1027460
    },
    "0.4": {
      "precision": 0.2946190893700204,
      "recall": 0.6426434523406274,
      "f1": 0.4040170609456691,
      "tp": 1897212,
      "fp": 4542330,
      "fn": 1054988
    },
    "0.5": {
      "precision": 0.2993746718098317,
      "recall": 0.6342009348960097,
      "f1": 0.4067451963873026,
      "tp": 1872288,
      "fp": 4381708,
      "fn": 1079912
    }
  },
  "patch_detection_metrics": {
    "0.05": {
      "precision": 0.813640730067243,
      "recall": 0.9996066089693155,
      "f1": 0.8970873786407768,
      "tp": 5082,
      "fp": 1164,
      "fn": 2
    },
    "0.075": {
      "precision": 0.8154685494223364,
      "recall": 0.9996066089693155,
      "f1": 0.8981972428419936,
      "tp": 5082,
      "fp": 1150,
      "fn": 2
    },
    "0.1": {
      "precision": 0.8165167095115681,
      "recall": 0.9996066089693155,
      "f1": 0.8988326848249028,
      "tp": 5082,
      "fp": 1142,
      "fn": 2
    },
    "0.15": {
      "precision": 0.8191489361702128,
      "recall": 0.9996066089693155,
      "f1": 0.9004252303330971,
      "tp": 5082,
      "fp": 1122,
      "fn": 2
    },
    "0.2": {
      "precision": 0.8196774193548387,
      "recall": 0.9996066089693155,
      "f1": 0.9007444168734492,
      "tp": 5082,
      "fp": 1118,
      "fn": 2
    },
    "0.3": {
      "precision": 0.8210016155088853,
      "recall": 0.9996066089693155,
      "f1": 0.9015433741351782,
      "tp": 5082,
      "fp": 1108,
      "fn": 2
    },
    "0.4": {
      "precision": 0.8225963094852703,
      "recall": 0.9996066089693155,
      "f1": 0.9025039957378795,
      "tp": 5082,
      "fp": 1096,
      "fn": 2
    },
    "0.5": {
      "precision": 0.8233959818535321,
      "recall": 0.9996066089693155,
      "f1": 0.9029850746268657,
      "tp": 5082,
      "fp": 1090,
      "fn": 2
    }
  },
  "segmented_validation_metrics": {
    "split": "test",
    "manifest_csv": "training_data/standardized_5kpc_200kms_clean_physical_baseline/test_manifest.csv",
    "thresholds": [
      0.05,
      0.075,
      0.1
    ],
    "deployment_primary_category": "Fine-Grid",
    "overall": {
      "cuts": 3684,
      "positive_cuts": 2542,
      "negative_cuts": 1142,
      "pixel_threshold_metrics": {
        "0.05": {
          "precision": 0.26193728975317127,
          "recall": 0.70153783618996,
          "f1": 0.3814502617097115,
          "tp": 1035540,
          "fp": 2917849,
          "fn": 440560
        },
        "0.075": {
          "precision": 0.2683424403217949,
          "recall": 0.6903441501253302,
          "f1": 0.3864633880403144,
          "tp": 1019017,
          "fp": 2778433,
          "fn": 457083
        },
        "0.1": {
          "precision": 0.2727010417771926,
          "recall": 0.6825296389133527,
          "f1": 0.3896996763984376,
          "tp": 1007482,
          "fp": 2686974,
          "fn": 468618
        }
      },
      "patch_detection_metrics": {
        "0.05": {
          "precision": 0.813640730067243,
          "recall": 0.9996066089693155,
          "f1": 0.8970873786407768,
          "tp": 2541,
          "fp": 582,
          "fn": 1
        },
        "0.075": {
          "precision": 0.8154685494223364,
          "recall": 0.9996066089693155,
          "f1": 0.8981972428419936,
          "tp": 2541,
          "fp": 575,
          "fn": 1
        },
        "0.1": {
          "precision": 0.8165167095115681,
          "recall": 0.9996066089693155,
          "f1": 0.8988326848249028,
          "tp": 2541,
          "fp": 571,
          "fn": 1
        }
      }
    },
    "categories": {
      "Catalog-Centered": {
        "cuts": 440,
        "positive_cuts": 440,
        "negative_cuts": 0,
        "pixel_threshold_metrics": {
          "0.05": {
            "precision": 0.32397756233060504,
            "recall": 0.7100029550827424,
            "f1": 0.4449310654530977,
            "tp": 192212,
            "fp": 401076,
            "fn": 78508
          },
          "0.075": {
            "precision": 0.331336619360713,
            "recall": 0.6989804964539007,
            "f1": 0.4495661212247201,
            "tp": 189228,
            "fp": 381877,
            "fn": 81492
          },
          "0.1": {
            "precision": 0.33657838636502535,
            "recall": 0.6916740543735225,
            "f1": 0.4528120292024463,
            "tp": 187250,
            "fp": 369084,
            "fn": 83470
          }
        },
        "patch_detection_metrics": {
          "0.05": {
            "precision": 1.0,
            "recall": 1.0,
            "f1": 1.0,
            "tp": 440,
            "fp": 0,
            "fn": 0
          },
          "0.075": {
            "precision": 1.0,
            "recall": 1.0,
            "f1": 1.0,
            "tp": 440,
            "fp": 0,
            "fn": 0
          },
          "0.1": {
            "precision": 1.0,
            "recall": 1.0,
            "f1": 1.0,
            "tp": 440,
            "fp": 0,
            "fn": 0
          }
        }
      },
      "Offset / Grazing": {
        "cuts": 1980,
        "positive_cuts": 1603,
        "negative_cuts": 377,
        "pixel_threshold_metrics": {
          "0.05": {
            "precision": 0.2367112403925376,
            "recall": 0.6910904596217458,
            "f1": 0.35263759468859335,
            "tp": 611953,
            "fp": 1973277,
            "fn": 273536
          },
          "0.075": {
            "precision": 0.24242803761426251,
            "recall": 0.6798492132595662,
            "f1": 0.3574077328438066,
            "tp": 601999,
            "fp": 1881208,
            "fn": 283490
          },
          "0.1": {
            "precision": 0.2463020804225839,
            "recall": 0.6719123557717825,
            "f1": 0.3604678919537221,
            "tp": 594971,
            "fp": 1820644,
            "fn": 290518
          }
        },
        "patch_detection_metrics": {
          "0.05": {
            "precision": 0.8095959595959596,
            "recall": 1.0,
            "f1": 0.8947809098520793,
            "tp": 1603,
            "fp": 377,
            "fn": 0
          },
          "0.075": {
            "precision": 0.8095959595959596,
            "recall": 1.0,
            "f1": 0.8947809098520793,
            "tp": 1603,
            "fp": 377,
            "fn": 0
          },