{
  "config": "/Users/turnip/Desktop/HIShells copy/pv_shells/training_data/standardized_5kpc_200kms_clean_physical_baseline/train_standardized_high_recall.yaml",
  "model": "/Users/turnip/Desktop/HIShells copy/pv_shells/runs/pv_unet_clean_physical_baseline_20260522_022751/high_recall_model.keras",
  "split": "val",
  "batch_size": 8,
  "batches": 666,
  "loss": 0.09326888453665902,
  "pixel_pr_auc": 0.252164751291275,
  "pixel_precision_at_0p5": 0.22746874392032623,
  "pixel_recall_at_0p5": 0.524725615978241,
  "pixel_threshold_metrics": {
    "0.05": {
      "precision": 0.19398802867280135,
      "recall": 0.5878988222237231,
      "f1": 0.29171825424989684,
      "tp": 887806,
      "fp": 3688796,
      "fn": 622328
    },
    "0.075": {
      "precision": 0.1995253073932457,
      "recall": 0.5767130599006446,
      "f1": 0.2964781319829026,
      "tp": 870914,
      "fp": 3494016,
      "fn": 639220
    },
    "0.1": {
      "precision": 0.20331964736672506,
      "recall": 0.5690713539328298,
      "f1": 0.29959796738557476,
      "tp": 859374,
      "fp": 3367340,
      "fn": 650760
    },
    "0.15": {
      "precision": 0.20876749787173843,
      "recall": 0.5589503977792699,
      "f1": 0.3039936326607051,
      "tp": 844090,
      "fp": 3199116,
      "fn": 666044
    },
    "0.2": {
      "precision": 0.21265359012611929,
      "recall": 0.5516172736988902,
      "f1": 0.3069681160958385,
      "tp": 833016,
      "fp": 3084228,
      "fn": 677118
    },
    "0.3": {
      "precision": 0.21851205481914562,
      "recall": 0.5409149121866007,
      "f1": 0.3112779347571351,
      "tp": 816854,
      "fp": 2921402,
      "fn": 693280
    },
    "0.4": {
      "precision": 0.22316985628002495,
      "recall": 0.5323712995005742,
      "f1": 0.31450100497676703,
      "tp": 803952,
      "fp": 2798470,
      "fn": 706182
    },
    "0.5": {
      "precision": 0.22746873763844228,
      "recall": 0.5247256203754104,
      "f1": 0.3173612596311044,
      "tp": 792406,
      "fp": 2691176,
      "fn": 717728
    }
  },
  "patch_detection_metrics": {
    "0.05": {
      "precision": 0.7749672917575229,
      "recall": 0.998314606741573,
      "f1": 0.8725754971765283,
      "tp": 3554,
      "fp": 1032,
      "fn": 6
    },
    "0.075": {
      "precision": 0.7779237844940867,
      "recall": 0.9977528089887641,
      "f1": 0.8742308638936747,
      "tp": 3552,
      "fp": 1014,
      "fn": 8
    },
    "0.1": {
      "precision": 0.7792891619131198,
      "recall": 0.9977528089887641,
      "f1": 0.8750923872875093,
      "tp": 3552,
      "fp": 1006,
      "fn": 8
    },
    "0.15": {
      "precision": 0.7806593406593406,
      "recall": 0.9977528089887641,
      "f1": 0.8759556103575833,
      "tp": 3552,
      "fp": 998,
      "fn": 8
    },
    "0.2": {
      "precision": 0.7832229580573952,
      "recall": 0.996629213483146,
      "f1": 0.8771322620519159,
      "tp": 3548,
      "fp": 982,
      "fn": 12
    },
    "0.3": {
      "precision": 0.7844178840194777,
      "recall": 0.9955056179775281,
      "f1": 0.8774449121069571,
      "tp": 3544,
      "fp": 974,
      "fn": 16
    },
    "0.4": {
      "precision": 0.7850177304964538,
      "recall": 0.994943820224719,
      "f1": 0.8776015857284439,
      "tp": 3542,
      "fp": 970,
      "fn": 18
    },
    "0.5": {
      "precision": 0.7860630270750111,
      "recall": 0.994943820224719,
      "f1": 0.878254401190181,
      "tp": 3542,
      "fp": 964,
      "fn": 18
    }
  },
  "segmented_validation_metrics": {
    "split": "val",
    "manifest_csv": "/Users/turnip/Desktop/HIShells copy/pv_shells/training_data/standardized_5kpc_200kms_clean_physical_baseline/val_manifest.csv",
    "thresholds": [
      0.05,
      0.075,
      0.1
    ],
    "deployment_primary_category": "Fine-Grid",
    "overall": {
      "cuts": 2664,
      "positive_cuts": 1780,
      "negative_cuts": 884,
      "pixel_threshold_metrics": {
        "0.05": {
          "precision": 0.19398802867280135,
          "recall": 0.5878988222237231,
          "f1": 0.29171825424989684,
          "tp": 443903,
          "fp": 1844398,
          "fn": 311164
        },
        "0.075": {
          "precision": 0.1995253073932457,
          "recall": 0.5767130599006446,
          "f1": 0.2964781319829026,
          "tp": 435457,
          "fp": 1747008,
          "fn": 319610
        },
        "0.1": {
          "precision": 0.20331964736672506,
          "recall": 0.5690713539328298,
          "f1": 0.29959796738557476,
          "tp": 429687,
          "fp": 1683670,
          "fn": 325380
        }
      },
      "patch_detection_metrics": {
        "0.05": {
          "precision": 0.7749672917575229,
          "recall": 0.998314606741573,
          "f1": 0.8725754971765283,
          "tp": 1777,
          "fp": 516,
          "fn": 3
        },
        "0.075": {
          "precision": 0.7779237844940867,
          "recall": 0.9977528089887641,
          "f1": 0.8742308638936747,
          "tp": 1776,
          "fp": 507,
          "fn": 4
        },
        "0.1": {
          "precision": 0.7792891619131198,
          "recall": 0.9977528089887641,
          "f1": 0.8750923872875093,
          "tp": 1776,
          "fp": 503,
          "fn": 4
        }
      }
    },
    "categories": {
      "Catalog-Centered": {
        "cuts": 304,
        "positive_cuts": 304,
        "negative_cuts": 0,
        "pixel_threshold_metrics": {
          "0.05": {
            "precision": 0.24878255218173298,
            "recall": 0.5984874377340653,
            "f1": 0.35146584673200515,
            "tp": 82301,
            "fp": 248514,
            "fn": 55214
          },
          "0.075": {
            "precision": 0.2556549567241254,
            "recall": 0.587899501872523,
            "f1": 0.35634788051359584,
            "tp": 80845,
            "fp": 235382,
            "fn": 56670
          },
          "0.1": {
            "precision": 0.2603511517582041,
            "recall": 0.5806711995055085,
            "f1": 0.35951105308180625,
            "tp": 79851,
            "fp": 226854,
            "fn": 57664
          }
        },
        "patch_detection_metrics": {
          "0.05": {
            "precision": 1.0,
            "recall": 1.0,
            "f1": 1.0,
            "tp": 304,
            "fp": 0,
            "fn": 0
          },
          "0.075": {
            "precision": 1.0,
            "recall": 0.9967105263157895,
            "f1": 0.9983525535420099,
            "tp": 303,
            "fp": 0,
            "fn": 1
          },
          "0.1": {
            "precision": 1.0,
            "recall": 0.9967105263157895,
            "f1": 0.9983525535420099,
            "tp": 303,
            "fp": 0,
            "fn": 1
          }
        }
      },
      "Offset / Grazing": {
        "cuts": 1368,
        "positive_cuts": 1139,
        "negative_cuts": 229,
        "pixel_threshold_metrics": {
          "0.05": {
            "precision": 0.18643016871228546,
            "recall": 0.5868199143178466,
            "f1": 0.28296391563592477,
            "tp": 268199,
            "fp": 1170404,
            "fn": 188839
          },
          "0.075": {
            "precision": 0.1914446247789285,
            "recall": 0.5755385766610216,
            "f1": 0.2873172884303244,
            "tp": 263043,
            "fp": 1110947,
            "fn": 193995
          },
          "0.1": {
            "precision": 0.19487265365217732,
            "recall": 0.567788674027105,
            "f1": 0.29015889912237053,
            "tp": 259501,
            "fp": 1072143,
            "fn": 197537
          }
        },
        "patch_detection_metrics": {
          "0.05": {
            "precision": 0.832967032967033,
            "recall": 0.9982440737489026,
            "f1": 0.90814696485623,
            "tp": 1137,
            "fp": 228,
            "fn": 2
          },