{
  "config": "/Users/turnip/Desktop/HIShells copy/pv_shells/training_data/standardized_5kpc_200kms_clean_physical_baseline/train_standardized_high_recall.yaml",
  "model": "/Users/turnip/Desktop/HIShells copy/pv_shells/runs/pv_unet_clean_physical_baseline_20260522_022751/high_recall_model.keras",
  "split": "stress",
  "batch_size": 8,
  "batches": 2160,
  "loss": 0.0693629446734256,
  "pixel_pr_auc": 0.018260367214679718,
  "pixel_precision_at_0p5": 0.034141767770051956,
  "pixel_recall_at_0p5": 0.2319369912147522,
  "pixel_threshold_metrics": {
    "0.05": {
      "precision": 0.031309896301887456,
      "recall": 0.29358889949632944,
      "f1": 0.056585238957452495,
      "tp": 356734,
      "fp": 11036916,
      "fn": 858346
    },
    "0.075": {
      "precision": 0.03178049904678002,
      "recall": 0.28168515653290316,
      "f1": 0.05711691018992912,
      "tp": 342270,
      "fp": 10427542,
      "fn": 872810
    },
    "0.1": {
      "precision": 0.03208710487005477,
      "recall": 0.2737630444085986,
      "f1": 0.057441616662289176,
      "tp": 332644,
      "fp": 10034262,
      "fn": 882436
    },
    "0.15": {
      "precision": 0.03256577870440054,
      "recall": 0.26360404253217895,
      "f1": 0.0579699233287586,
      "tp": 320300,
      "fp": 9515178,
      "fn": 894780
    },
    "0.2": {
      "precision": 0.03289045128459295,
      "recall": 0.2564720018435,
      "f1": 0.05830390080886901,
      "tp": 311634,
      "fp": 9163274,
      "fn": 903446
    },
    "0.3": {
      "precision": 0.03337123652124571,
      "recall": 0.24626362050235376,
      "f1": 0.058777518753098675,
      "tp": 299230,
      "fp": 8667474,
      "fn": 915850
    },
    "0.4": {
      "precision": 0.03377527870043837,
      "recall": 0.23867070480955987,
      "f1": 0.059176277577805525,
      "tp": 290004,
      "fp": 8296276,
      "fn": 925076
    },
    "0.5": {
      "precision": 0.0341417686236199,
      "recall": 0.23193699180300886,
      "f1": 0.05952176789082981,
      "tp": 281822,
      "fp": 7972642,
      "fn": 933258
    }
  },
  "patch_detection_metrics": {
    "0.05": {
      "precision": 0.7455954017243533,
      "recall": 0.980608052588332,
      "f1": 0.8471039182282794,
      "tp": 11934,
      "fp": 4072,
      "fn": 236
    },
    "0.075": {
      "precision": 0.7489603024574669,
      "recall": 0.9766639276910436,
      "f1": 0.8477888730385164,
      "tp": 11886,
      "fp": 3984,
      "fn": 284
    },
    "0.1": {
      "precision": 0.7508549715009499,
      "recall": 0.9741988496302383,
      "f1": 0.848068669527897,
      "tp": 11856,
      "fp": 3934,
      "fn": 314
    },
    "0.15": {
      "precision": 0.7525799464899987,
      "recall": 0.9707477403451109,
      "f1": 0.8478541696569543,
      "tp": 11814,
      "fp": 3884,
      "fn": 356
    },
    "0.2": {
      "precision": 0.7538402457757296,
      "recall": 0.9677896466721446,
      "f1": 0.8475210477081384,
      "tp": 11778,
      "fp": 3846,
      "fn": 392
    },
    "0.3": {
      "precision": 0.7555871334452913,
      "recall": 0.9612161051766639,
      "f1": 0.8460870823086938,
      "tp": 11698,
      "fp": 3784,
      "fn": 472
    },
    "0.4": {
      "precision": 0.7566268191268192,
      "recall": 0.9569433032046015,
      "f1": 0.8450765546767287,
      "tp": 11646,
      "fp": 3746,
      "fn": 524
    },
    "0.5": {
      "precision": 0.7567602873938603,
      "recall": 0.952013147082991,
      "f1": 0.843231441048035,
      "tp": 11586,
      "fp": 3724,
      "fn": 584
    }
  },
  "segmented_validation_metrics": {
    "split": "stress",
    "manifest_csv": "/Users/turnip/Desktop/HIShells copy/pv_shells/training_data/standardized_5kpc_200kms_clean_physical_baseline/stress_manifest.csv",
    "thresholds": [
      0.05,
      0.075,
      0.1
    ],
    "deployment_primary_category": "Fine-Grid",
    "overall": {
      "cuts": 8642,
      "positive_cuts": 6085,
      "negative_cuts": 2557,
      "pixel_threshold_metrics": {
        "0.05": {
          "precision": 0.031309896301887456,
          "recall": 0.29358889949632944,
          "f1": 0.056585238957452495,
          "tp": 178367,
          "fp": 5518458,
          "fn": 429173
        },
        "0.075": {
          "precision": 0.03178049904678002,
          "recall": 0.28168515653290316,
          "f1": 0.05711691018992912,
          "tp": 171135,
          "fp": 5213771,
          "fn": 436405
        },
        "0.1": {
          "precision": 0.03208710487005477,
          "recall": 0.2737630444085986,
          "f1": 0.057441616662289176,
          "tp": 166322,
          "fp": 5017131,
          "fn": 441218
        }
      },
      "patch_detection_metrics": {
        "0.05": {
          "precision": 0.7455954017243533,
          "recall": 0.980608052588332,
          "f1": 0.8471039182282794,
          "tp": 5967,
          "fp": 2036,
          "fn": 118
        },
        "0.075": {
          "precision": 0.7489603024574669,
          "recall": 0.9766639276910436,
          "f1": 0.8477888730385164,
          "tp": 5943,
          "fp": 1992,
          "fn": 142
        },
        "0.1": {
          "precision": 0.7508549715009499,
          "recall": 0.9741988496302383,
          "f1": 0.848068669527897,
          "tp": 5928,
          "fp": 1967,
          "fn": 157
        }
      }
    },
    "categories": {
      "Catalog-Centered": {
        "cuts": 1284,
        "positive_cuts": 1123,
        "negative_cuts": 161,
        "pixel_threshold_metrics": {
          "0.05": {
            "precision": 0.03939405295010399,
            "recall": 0.2779866625899697,
            "f1": 0.06900873789295645,
            "tp": 33640,
            "fp": 820296,
            "fn": 87373
          },
          "0.075": {
            "precision": 0.03984429264958789,
            "recall": 0.2659301066827531,
            "f1": 0.06930467049000626,
            "tp": 32181,
            "fp": 775488,
            "fn": 88832
          },
          "0.1": {
            "precision": 0.040012554572514236,
            "recall": 0.25704676357085604,
            "f1": 0.06924608673681212,
            "tp": 31106,
            "fp": 746300,
            "fn": 89907
          }
        },
        "patch_detection_metrics": {
          "0.05": {
            "precision": 0.9090157154673284,
            "recall": 0.9786286731967943,
            "f1": 0.9425385934819898,
            "tp": 1099,
            "fp": 110,
            "fn": 24
          },
          "0.075": {
            "precision": 0.9134054954204829,
            "recall": 0.9768477292965272,
            "f1": 0.9440619621342513,
            "tp": 1097,
            "fp": 104,
            "fn": 26
          },
          "0.1": {
            "precision": 0.9159663865546218,
            "recall": 0.9706144256455922,
            "f1": 0.9424989191526155,
            "tp": 1090,
            "fp": 100,
            "fn": 33
          }
        }
      },
      "Offset / Grazing": {
        "cuts": 5778,
        "positive_cuts": 3846,
        "negative_cuts": 1932,
        "pixel_threshold_metrics": {
          "0.05": {
            "precision": 0.02766230564552464,
            "recall": 0.30212536083866504,
            "f1": 0.05068403050897137,
            "tp": 107382,
            "fp": 3774507,
            "fn": 248040
          },
          "0.075": {
            "precision": 0.028106897201249897,
            "recall": 0.2901030324515646,
            "f1": 0.051248533443210675,
            "tp": 103109,
            "fp": 3565350,
            "fn": 252313
          },
          "0.1": {
            "precision": 0.028403351206320426,
            "recall": 0.2821800563836791,
            "f1": 0.051611638284716974,
            "tp": 100293,
            "fp": 3430734,
            "fn": 255129
          }
        },
        "patch_detection_metrics": {
          "0.05": {
            "precision": 0.6922087467842705,