{
  "config": "/Users/turnip/Desktop/HIShells copy/pv_shells/training_data/ddo53_physical_galaxy_grid_0p09kpc/train_standardized_high_recall.yaml",
  "model": "/Users/turnip/Desktop/HIShells copy/pv_shells/runs/pv_unet_clean_physical_baseline_20260522_022751/high_recall_model.keras",
  "split": "test",
  "batch_size": 64,
  "batches": 627,
  "loss": 0.0014942186510502665,
  "pixel_pr_auc": 0.11695171892642975,
  "pixel_precision_at_0p5": 0.04917530715465546,
  "pixel_recall_at_0p5": 0.4553735554218292,
  "pixel_threshold_metrics": {
    "0.05": {
      "precision": 0.031951769821908955,
      "recall": 0.5295645225729125,
      "f1": 0.060267258351255126,
      "tp": 26510,
      "fp": 803178,
      "fn": 23550
    },
    "0.075": {
      "precision": 0.034512376880078986,
      "recall": 0.5153016380343588,
      "f1": 0.06469200077241184,
      "tp": 25796,
      "fp": 721646,
      "fn": 24264
    },
    "0.1": {
      "precision": 0.03639660941077895,
      "recall": 0.5067518977227328,
      "f1": 0.06791531467857487,
      "tp": 25368,
      "fp": 671620,
      "fn": 24692
    },
    "0.15": {
      "precision": 0.039058728500976546,
      "recall": 0.49456652017578906,
      "f1": 0.07239964557569092,
      "tp": 24758,
      "fp": 609108,
      "fn": 25302
    },
    "0.2": {
      "precision": 0.041016349858634116,
      "recall": 0.4856971634039153,
      "f1": 0.07564463139031312,
      "tp": 24314,
      "fp": 568474,
      "fn": 25746
    },
    "0.3": {
      "precision": 0.04422058566319714,
      "recall": 0.4747502996404315,
      "f1": 0.08090525649274387,
      "tp": 23766,
      "fp": 513676,
      "fn": 26294
    },
    "0.4": {
      "precision": 0.046634416255494034,
      "recall": 0.4633240111865761,
      "f1": 0.08473963223715698,
      "tp": 23194,
      "fp": 474164,
      "fn": 26866
    },
    "0.5": {
      "precision": 0.049175306213139015,
      "recall": 0.4553735517379145,
      "f1": 0.08876497685086035,
      "tp": 22796,
      "fp": 440770,
      "fn": 27264
    }
  },
  "patch_detection_metrics": {
    "0.05": {
      "precision": 0.08665105386416862,
      "recall": 0.9585492227979274,
      "f1": 0.15893470790378006,
      "tp": 370,
      "fp": 3900,
      "fn": 16
    },
    "0.075": {
      "precision": 0.09363867684478372,
      "recall": 0.9533678756476683,
      "f1": 0.17052826691380907,
      "tp": 368,
      "fp": 3562,
      "fn": 18
    },
    "0.1": {
      "precision": 0.09848484848484848,
      "recall": 0.9430051813471503,
      "f1": 0.178343949044586,
      "tp": 364,
      "fp": 3332,
      "fn": 22
    },
    "0.15": {
      "precision": 0.10468478889531521,
      "recall": 0.9378238341968912,
      "f1": 0.18834547346514044,
      "tp": 362,
      "fp": 3096,
      "fn": 24
    },
    "0.2": {
      "precision": 0.10897049969897651,
      "recall": 0.9378238341968912,
      "f1": 0.19525350593311758,
      "tp": 362,
      "fp": 2960,
      "fn": 24
    },
    "0.3": {
      "precision": 0.11548387096774193,
      "recall": 0.927461139896373,
      "f1": 0.20539300057372345,
      "tp": 358,
      "fp": 2742,
      "fn": 28
    },
    "0.4": {
      "precision": 0.12061994609164421,
      "recall": 0.927461139896373,
      "f1": 0.21347644603458557,
      "tp": 358,
      "fp": 2610,
      "fn": 28
    },
    "0.5": {
      "precision": 0.1259731068648266,
      "recall": 0.9222797927461139,
      "f1": 0.2216687422166874,
      "tp": 356,
      "fp": 2470,
      "fn": 30
    }
  },
  "segmented_validation_metrics": {
    "split": "test",
    "manifest_csv": "/Users/turnip/Desktop/HIShells copy/pv_shells/training_data/ddo53_physical_galaxy_grid_0p09kpc/test_manifest.csv",
    "thresholds": [
      0.05,
      0.075,
      0.1
    ],
    "deployment_primary_category": "Fine-Grid",
    "overall": {
      "cuts": 20078,
      "positive_cuts": 193,
      "negative_cuts": 19885,
      "pixel_threshold_metrics": {
        "0.05": {
          "precision": 0.03169536107125777,
          "recall": 0.5295645225729125,
          "f1": 0.059810933375448405,
          "tp": 13255,
          "fp": 404945,
          "fn": 11775
        },
        "0.075": {
          "precision": 0.03423045177933062,
          "recall": 0.5153016380343588,
          "f1": 0.06419646167897289,
          "tp": 12898,
          "fp": 363901,
          "fn": 12132
        },
        "0.1": {
          "precision": 0.03609325513697168,
          "recall": 0.5067518977227328,
          "f1": 0.06738689823165175,
          "tp": 12684,
          "fp": 338739,
          "fn": 12346
        }
      },
      "patch_detection_metrics": {
        "0.05": {
          "precision": 0.08624708624708624,
          "recall": 0.9585492227979274,
          "f1": 0.15825491873396064,
          "tp": 185,
          "fp": 1960,
          "fn": 8
        },
        "0.075": {
          "precision": 0.09316455696202532,
          "recall": 0.9533678756476683,
          "f1": 0.16974169741697417,
          "tp": 184,
          "fp": 1791,
          "fn": 9
        },
        "0.1": {
          "precision": 0.09795479009687837,
          "recall": 0.9430051813471503,
          "f1": 0.1774744027303754,
          "tp": 182,
          "fp": 1676,
          "fn": 11
        }
      }
    },
    "categories": {
      "Catalog-Centered": {
        "cuts": 12,
        "positive_cuts": 12,
        "negative_cuts": 0,
        "pixel_threshold_metrics": {
          "0.05": {
            "precision": 0.19197600299962506,
            "recall": 0.562019758507135,
            "f1": 0.28619340413638905,
            "tp": 1024,
            "fp": 4310,
            "fn": 798
          },
          "0.075": {
            "precision": 0.19531403819649537,
            "recall": 0.544456641053787,
            "f1": 0.2874945660049268,
            "tp": 992,
            "fp": 4087,
            "fn": 830
          },
          "0.1": {
            "precision": 0.19991848379865498,
            "recall": 0.5384193194291986,
            "f1": 0.2915737851092287,
            "tp": 981,
            "fp": 3926,
            "fn": 841
          }
        },
        "patch_detection_metrics": {
          "0.05": {
            "precision": 1.0,
            "recall": 1.0,
            "f1": 1.0,
            "tp": 12,
            "fp": 0,
            "fn": 0
          },
          "0.075": {
            "precision": 1.0,
            "recall": 1.0,
            "f1": 1.0,
            "tp": 12,
            "fp": 0,
            "fn": 0
          },
          "0.1": {
            "precision": 1.0,
            "recall": 1.0,
            "f1": 1.0,
            "tp": 12,
            "fp": 0,
            "fn": 0
          }
        }
      },
      "Offset / Grazing": {
        "cuts": 54,
        "positive_cuts": 34,
        "negative_cuts": 20,
        "pixel_threshold_metrics": {
          "0.05": {
            "precision": 0.12136915908200148,
            "recall": 0.5922226944326392,
            "f1": 0.20145288951534207,
            "tp": 2787,
            "fp": 20176,
            "fn": 1919
          },
          "0.075": {
            "precision": 0.12429868174976053,
            "recall": 0.579048023799405,
            "f1": 0.20466408802433433,
            "tp": 2725,
            "fp": 19198,
            "fn": 1981
          },
          "0.1": {
            "precision": 0.12649266059376033,
            "recall": 0.5694857628559286,
            "f1": 0.20700575445100994,
            "tp": 2680,
            "fp": 18507,
            "fn": 2026
          }
        },
        "patch_detection_metrics": {
          "0.05": {
            "precision": 0.6296296296296297,
            "recall": 1.0,
            "f1": 0.7727272727272727,
            "tp": 34,
            "fp": 20,
            "fn": 0
          },
          "0.075": {
            "precision": 0.6226415094339622,
            "recall": 0.9705882352941176,
            "f1": 0.7586206896551724,
            "tp": 33,