{
  "loss": [
    0.6773092746734619
  ],
  "patch_precision_0p05": [
    0.7416666746139526
  ],
  "patch_precision_0p075": [
    0.7416666746139526
  ],
  "patch_precision_0p1": [
    0.7416666746139526
  ],
  "patch_recall_0p05": [
    1.0
  ],
  "patch_recall_0p075": [
    1.0
  ],
  "patch_recall_0p1": [
    1.0
  ],
  "pixel_precision_0p05": [
    0.012726275250315666
  ],
  "pixel_precision_0p075": [
    0.01272521447390318
  ],
  "pixel_precision_0p1": [
    0.012733750976622105
  ],
  "pixel_recall_0p05": [
    0.9992143511772156
  ],
  "pixel_recall_0p075": [
    0.9987748861312866
  ],
  "pixel_recall_0p1": [
    0.9981756210327148
  ],
  "pr_auc": [
    0.020735707134008408
  ],
  "val_loss": [
    2.0251095294952393
  ],
  "val_patch_precision_0p05": [
    0.8999999761581421
  ],
  "val_patch_precision_0p075": [
    0.8999999761581421
  ],
  "val_patch_precision_0p1": [
    0.8999999761581421
  ],
  "val_patch_recall_0p05": [
    1.0
  ],
  "val_patch_recall_0p075": [
    1.0
  ],
  "val_patch_recall_0p1": [
    1.0
  ],
  "val_pixel_precision_0p05": [
    0.009779936634004116
  ],
  "val_pixel_precision_0p075": [
    0.009778978303074837
  ],
  "val_pixel_precision_0p1": [
    0.009778020903468132
  ],
  "val_pixel_recall_0p05": [
    1.0
  ],
  "val_pixel_recall_0p075": [
    0.9998959898948669
  ],
  "val_pixel_recall_0p1": [
    0.9997919797897339
  ],
  "val_pr_auc": [
    0.01880362629890442
  ],
  "learning_rate": [
    0.0010000000474974513
  ]
}