{
  "config": "/Users/turnip/Desktop/HIShells copy/pv_shells/training_data/combined_train_overnight.yaml",
  "model": "/Users/turnip/Desktop/HIShells copy/pv_shells/runs/pv_unet_overnight_20260520_015732/best_model.keras",
  "split": "test",
  "batch_size": 8,
  "batches": 718,
  "loss": 0.011325481942246805,
  "pixel_pr_auc": 0.5232412815093994,
  "pixel_precision_at_0p5": 0.6569255590438843,
  "pixel_recall_at_0p5": 0.38029545545578003,
  "pixel_threshold_metrics": {
    "0.05": {
      "precision": 0.2616071180931143,
      "recall": 0.7773929699399326,
      "f1": 0.3914754903954624,
      "tp": 471607,
      "fp": 1331123,
      "fn": 135045
    },
    "0.075": {
      "precision": 0.3026287299546654,
      "recall": 0.7372513401422891,
      "f1": 0.4291137855999754,
      "tp": 447255,
      "fp": 1030645,
      "fn": 159397
    },
    "0.1": {
      "precision": 0.33747427035905914,
      "recall": 0.705101112334584,
      "f1": 0.4564724764547725,
      "tp": 427751,
      "fp": 839756,
      "fn": 178901
    },
    "0.15": {
      "precision": 0.39604488718412006,
      "recall": 0.6496492222888905,
      "f1": 0.4920946778218333,
      "tp": 394111,
      "fp": 601006,
      "fn": 212541
    },
    "0.2": {
      "precision": 0.4446973689346918,
      "recall": 0.6009013404719674,
      "f1": 0.5111315511260547,
      "tp": 364538,
      "fp": 455206,
      "fn": 242114
    },
    "0.3": {
      "precision": 0.5290530369921879,
      "recall": 0.5185295688467194,
      "f1": 0.5237384462849547,
      "tp": 314567,
      "fp": 280018,
      "fn": 292085
    },
    "0.4": {
      "precision": 0.5990640834839304,
      "recall": 0.44588825224346085,
      "f1": 0.5112494188178283,
      "tp": 270499,
      "fp": 181037,
      "fn": 336153
    },
    "0.5": {
      "precision": 0.6569255563908062,
      "recall": 0.38029545769238376,
      "f1": 0.48172144942182654,
      "tp": 230707,
      "fp": 120485,
      "fn": 375945
    }
  },
  "patch_detection_metrics": {
    "0.05": {
      "precision": 0.78701504354711,
      "recall": 0.9993297587131368,
      "f1": 0.8805551454303854,
      "tp": 2982,
      "fp": 807,
      "fn": 2
    },
    "0.075": {
      "precision": 0.8038845427569463,
      "recall": 0.9986595174262735,
      "f1": 0.8907487670004484,
      "tp": 2980,
      "fp": 727,
      "fn": 4
    },
    "0.1": {
      "precision": 0.8187568756875687,
      "recall": 0.9976541554959786,
      "f1": 0.8993957703927492,
      "tp": 2977,
      "fp": 659,
      "fn": 7
    },
    "0.15": {
      "precision": 0.838127467569092,
      "recall": 0.9959785522788204,
      "f1": 0.9102603369065849,
      "tp": 2972,
      "fp": 574,
      "fn": 12
    },
    "0.2": {
      "precision": 0.8561545113865667,
      "recall": 0.9953083109919572,
      "f1": 0.9205020920502093,
      "tp": 2970,
      "fp": 499,
      "fn": 14
    },
    "0.3": {
      "precision": 0.8754448398576512,
      "recall": 0.9892761394101877,
      "f1": 0.9288860918816866,
      "tp": 2952,
      "fp": 420,
      "fn": 32
    },
    "0.4": {
      "precision": 0.8983677240529719,
      "recall": 0.9775469168900804,
      "f1": 0.9362863103835661,
      "tp": 2917,
      "fp": 330,
      "fn": 67
    },
    "0.5": {
      "precision": 0.912269548633185,
      "recall": 0.9617962466487936,
      "f1": 0.9363784665579119,
      "tp": 2870,
      "fp": 276,
      "fn": 114
    }
  },
  "patches_seen": 5744,
  "positive_patches": 2984,
  "negative_patches": 2760
}