{
  "loss": [
    0.07850814610719681,
    0.011663093231618404,
    0.008394988253712654,
    0.008264521136879921,
    0.007440622430294752,
    0.007525790482759476,
    0.007344398647546768,
    0.007205931935459375,
    0.006406304892152548,
    0.006643076427280903,
    0.0063570039346814156,
    0.006356045603752136,
    0.0062619964592158794,
    0.006061247084289789,
    0.0059394799172878265,
    0.0059965685941278934,
    0.005879315547645092,
    0.0059966458939015865,
    0.005718674045056105,
    0.005712790414690971,
    0.005511236842721701,
    0.0055690947920084,
    0.005702140741050243,
    0.0054497383534908295,
    0.005374816711992025,
    0.005408331286162138,
    0.005248003639280796,
    0.005159029271453619,
    0.005290853790938854,
    0.005294997710734606,
    0.0051299817860126495,
    0.004860097076743841,
    0.005120850633829832,
    0.004622068256139755,
    0.004745217971503735,
    0.004691346548497677,
    0.004625835455954075,
    0.00438249297440052,
    0.00437879329547286
  ],
  "pr_auc": [
    0.007234312128275633,
    0.2857360541820526,
    0.3387097120285034,
    0.3687106966972351,
    0.38796359300613403,
    0.40497827529907227,
    0.4123379588127136,
    0.4251408874988556,
    0.4761066436767578,
    0.5007959008216858,
    0.5106545686721802,
    0.5215513706207275,
    0.5322186350822449,
    0.5356548428535461,
    0.544325590133667,
    0.5524808168411255,
    0.5550711750984192,
    0.5636454820632935,
    0.5755463242530823,
    0.5730306506156921,
    0.5840390920639038,
    0.591147780418396,
    0.5996352434158325,
    0.604106068611145,
    0.6134086847305298,
    0.6030646562576294,
    0.624096691608429,
    0.6300117373466492,
    0.6295822858810425,
    0.6361552476882935,
    0.6400840878486633,
    0.6500293612480164,
    0.6529800891876221,
    0.6808820366859436,
    0.6926724314689636,
    0.6881030201911926,
    0.6967929005622864,
    0.7068206071853638,
    0.7209913730621338
  ],
  "precision": [
    0.004044012166559696,
    0.5855370163917542,
    0.6097142100334167,
    0.6206965446472168,
    0.629073977470398,
    0.6346684694290161,
    0.6303090453147888,
    0.6435949206352234,
    0.6630138158798218,
    0.6783358454704285,
    0.6804298758506775,
    0.6864956617355347,
    0.6924903988838196,
    0.6928167939186096,
    0.6986562013626099,
    0.7088714241981506,
    0.69862300157547,
    0.7057487368583679,
    0.7101542949676514,
    0.704211950302124,
    0.7168503403663635,
    0.7149858474731445,
    0.7214454412460327,
    0.7204923629760742,
    0.7270593047142029,
    0.7175696492195129,
    0.7308641672134399,
    0.728097677230835,
    0.7381765842437744,
    0.7324122786521912,
    0.7378425002098083,
    0.7370262742042542,
    0.744971752166748,
    0.7489518523216248,
    0.7638081312179565,
    0.7599185705184937,
    0.7654120326042175,
    0.7605974674224854,
    0.7769737839698792
  ],
  "recall": [
    0.011276405304670334,
    0.0284886471927166,
    0.11423663794994354,
    0.17175257205963135,
    0.19079667329788208,
    0.2104143649339676,
    0.2180524468421936,
    0.22622175514698029,
    0.28171685338020325,
    0.32092273235321045,
    0.32799309492111206,
    0.3378358483314514,
    0.34556806087493896,
    0.3463267982006073,
    0.3587583005428314,
    0.36812466382980347,
    0.3694199025630951,
    0.37507039308547974,
    0.3866434395313263,
    0.3848687708377838,
    0.39949262142181396,
    0.4116245210170746,
    0.415971577167511,
    0.4151027202606201,
    0.43044155836105347,
    0.4188849627971649,
    0.4383291006088257,
    0.44969838857650757,
    0.44689738750457764,
    0.4504767656326294,
    0.45849505066871643,
    0.46797364950180054,
    0.46891382336616516,
    0.5032706260681152,
    0.5138760209083557,
    0.5045727491378784,
    0.5155487060546875,
    0.5311264395713806,
    0.5507978796958923
  ],
  "val_loss": [
    0.030305538326501846,
    0.017723608762025833,
    0.015569880604743958,
    0.01595952734351158,
    0.016327453777194023,
    0.015398259274661541,
    0.014894220046699047,
    0.015646301209926605,
    0.013982581906020641,
    0.017974577844142914,
    0.015811864286661148,
    0.01568002812564373,
    0.014253238216042519,
    0.013298151083290577,
    0.013804834336042404,
    0.013429151847958565,
    0.013962050899863243,
    0.014887294732034206,
    0.01293143630027771,
    0.014766891486942768,
    0.015405580401420593,
    0.013670498505234718,
    0.014058534055948257,
    0.01370320189744234,
    0.01345201674848795,
    0.01396331936120987,
    0.012202254496514797,
    0.01323146466165781,
    0.01281663216650486,
    0.017181670293211937,
    0.01445042248815298,
    0.015343211591243744,
    0.014801565557718277,
    0.015307039022445679,
    0.015500837936997414,
    0.015491851605474949,
    0.01518330443650484,
    0.015920720994472504,
    0.015284457243978977
  ],
  "val_pr_auc": [
    0.22357936203479767,
    0.3090369701385498,
    0.408317506313324,
    0.3572682738304138,
    0.3944898843765259,
    0.40533125400543213,
    0.4305817484855652,
    0.41612380743026733,
    0.4562225341796875,
    0.35433921217918396,
    0.4442248046398163,
    0.44010454416275024,
    0.44280529022216797,
    0.5029037594795227,
    0.4708212614059448,
    0.4949687421321869,
    0.510373592376709,
    0.45911580324172974,
    0.523266077041626,
    0.46988645195961,
    0.483707994222641,
    0.5263350009918213,
    0.514844536781311,
    0.47693097591400146,
    0.5158631205558777,
    0.49640581011772156,
    0.5361815690994263,
    0.505797803401947,
    0.536043107509613,
    0.466674268245697,
    0.4647154211997986,
    0.47315332293510437,
    0.44218578934669495,
    0.4935723543167114,
    0.4717537462711334,
    0.48056191205978394,
    0.48428040742874146,
    0.4617086946964264,
    0.47303757071495056
  ],
  "val_precision": [
    0.4360804557800293,
    0.5343344211578369,
    0.7273988723754883,
    0.7315760850906372,
    0.8016267418861389,
    0.7430183291435242,
    0.7036675214767456,
    0.6772941946983337,
    0.7588549852371216,
    0.8221243619918823,
    0.740193247795105,
    0.7035011053085327,
    0.5503266453742981,
    0.7275835275650024,
    0.6111366152763367,
    0.6718409657478333,
    0.7719528079032898,
    0.766508162021637,
    0.7180686593055725,
    0.7049633860588074,
    0.7774197459220886,
    0.7663297653198242,
    0.796416163444519,
    0.6281900405883789,
    0.6696824431419373,
    0.7572243213653564,
    0.6876034140586853,
    0.6829845905303955,
    0.7063713073730469,
    0.7497872710227966,
    0.7319434285163879,
    0.7223808169364929,
    0.6195843815803528,
    0.7009149789810181,
    0.7457333207130432,
    0.7106596827507019,
    0.6960530877113342,
    0.6969396471977234,
    0.6648903489112854
  ],
  "val_recall": [
    0.031104734167456627,
    0.09035184234380722,
    0.0935853123664856,
    0.12406186759471893,
    0.08211279660463333,
    0.1375776082277298,
    0.19055616855621338,
    0.12234925478696823,
    0.16985934972763062,
    0.08147800713777542,
    0.0927058607339859,
    0.2500545382499695,
    0.3893381655216217,
    0.2702091634273529,
    0.3434150516986847,
    0.32196441292762756,
    0.17165791988372803,
    0.09594593942165375,
    0.2974720895290375,
    0.22737401723861694,
    0.17707347869873047,
    0.2591862678527832,
    0.21071738004684448,
    0.3351363241672516,
    0.346529483795166,
    0.2124299854040146,
    0.35441145300865173,
    0.31098783016204834,
    0.31860530376434326,
    0.1981075257062912,
    0.19198444485664368,
    0.22422651946544647,
    0.283500075340271,
    0.2740377187728882,
    0.1932937055826187,
    0.2530830204486847,
    0.2815031409263611,
    0.25102657079696655,
    0.2986556887626648
  ],