{
  "config": "/Users/turnip/Desktop/HIShells copy/pv_shells/training_data/combined_train.yaml",
  "model": "/Users/turnip/Desktop/HIShells copy/pv_shells/runs/pv_unet_combined_baseline_20260519_151640/best_model.keras",
  "split": "test",
  "batch_size": 8,
  "batches": 359,
  "loss": 0.01092765097900989,
  "pixel_pr_auc": 0.4975331127643585,
  "pixel_precision_at_0p5": 0.7133882641792297,
  "pixel_recall_at_0p5": 0.24217088520526886,
  "pixel_threshold_metrics": {
    "0.1": {
      "precision": 0.37668681182217073,
      "recall": 0.6671154089664043,
      "f1": 0.48149653548571747,
      "tp": 200200,
      "fp": 331276,
      "fn": 99898
    },
    "0.2": {
      "precision": 0.49891806763037605,
      "recall": 0.519377003512186,
      "f1": 0.5089420116179212,
      "tp": 155864,
      "fp": 156540,
      "fn": 144234
    },
    "0.3": {
      "precision": 0.58354427943059,
      "recall": 0.40405800771747896,
      "f1": 0.47749127767320615,
      "tp": 121257,
      "fp": 86537,
      "fn": 178841
    },
    "0.4": {
      "precision": 0.6508429580163118,
      "recall": 0.31696978986864294,
      "f1": 0.4263170868347339,
      "tp": 95122,
      "fp": 51030,
      "fn": 204976
    },
    "0.5": {
      "precision": 0.7133910516913049,
      "recall": 0.24217422308712488,
      "f1": 0.36159732518682897,
      "tp": 72676,
      "fp": 29198,
      "fn": 227422
    }
  },
  "patch_detection_metrics": {
    "0.1": {
      "precision": 0.8478760045924225,
      "recall": 0.991275167785235,
      "f1": 0.9139851485148515,
      "tp": 1477,
      "fp": 265,
      "fn": 13
    },
    "0.2": {
      "precision": 0.8860135551447936,
      "recall": 0.9651006711409396,
      "f1": 0.9238676517828461,
      "tp": 1438,
      "fp": 185,
      "fn": 52
    },
    "0.3": {
      "precision": 0.9182305630026809,
      "recall": 0.9194630872483222,
      "f1": 0.9188464118041583,
      "tp": 1370,
      "fp": 122,
      "fn": 120
    },
    "0.4": {
      "precision": 0.9375,
      "recall": 0.8657718120805369,
      "f1": 0.9002093510118633,
      "tp": 1290,
      "fp": 86,
      "fn": 200
    },
    "0.5": {
      "precision": 0.9534497090606816,
      "recall": 0.7697986577181208,
      "f1": 0.8518380987746009,
      "tp": 1147,
      "fp": 56,
      "fn": 343
    }
  },
  "patches_seen": 2872,
  "positive_patches": 1490,
  "negative_patches": 1382
}