{
  "config": "/Users/turnip/Desktop/HIShells copy/pv_shells/training_data/standardized_5kpc_200kms/train_standardized_high_recall.yaml",
  "model": "/Users/turnip/Desktop/HIShells copy/pv_shells/runs/pv_unet_standardized_5kpc_200kms_20260521_015917/high_recall_model.keras",
  "split": "val",
  "batch_size": 8,
  "batches": 665,
  "loss": 0.522159473541984,
  "pixel_pr_auc": 0.09767318516969681,
  "pixel_precision_at_0p5": 0.06043361499905586,
  "pixel_recall_at_0p5": 0.9402762651443481,
  "pixel_threshold_metrics": {
    "0.05": {
      "precision": 0.052332962857247645,
      "recall": 0.9564625652085216,
      "f1": 0.09923620497283175,
      "tp": 656382,
      "fp": 11886038,
      "fn": 29878
    },
    "0.075": {
      "precision": 0.05342812639851232,
      "recall": 0.9543788068662024,
      "f1": 0.10119134894245746,
      "tp": 654952,
      "fp": 11603610,
      "fn": 31308
    },
    "0.1": {
      "precision": 0.05424247827980177,
      "recall": 0.9529740914522192,
      "f1": 0.10264262525101996,
      "tp": 653988,
      "fp": 11402762,
      "fn": 32272
    },
    "0.15": {
      "precision": 0.05544798465940225,
      "recall": 0.9504852388307639,
      "f1": 0.10478327926941503,
      "tp": 652280,
      "fp": 11111538,
      "fn": 33980
    },
    "0.2": {
      "precision": 0.056386087532595865,
      "recall": 0.9485384548130447,
      "f1": 0.10644455396876114,
      "tp": 650944,
      "fp": 10893464,
      "fn": 35316
    },
    "0.3": {
      "precision": 0.05788439893025151,
      "recall": 0.9454201031678956,
      "f1": 0.1090896618005938,
      "tp": 648804,
      "fp": 10559812,
      "fn": 37456
    },
    "0.4": {
      "precision": 0.059183557734523634,
      "recall": 0.9428525631684784,
      "f1": 0.11137596328790797,
      "tp": 647042,
      "fp": 10285758,
      "fn": 39218
    },
    "0.5": {
      "precision": 0.06043361484376068,
      "recall": 0.9402762801270655,
      "f1": 0.11356796779066466,
      "tp": 645274,
      "fp": 10032128,
      "fn": 40986
    }
  },
  "patch_detection_metrics": {
    "0.05": {
      "precision": 0.6687969924812031,
      "recall": 1.0,
      "f1": 0.8015318765487723,
      "tp": 3558,
      "fp": 1762,
      "fn": 0
    },
    "0.075": {
      "precision": 0.6687969924812031,
      "recall": 1.0,
      "f1": 0.8015318765487723,
      "tp": 3558,
      "fp": 1762,
      "fn": 0
    },
    "0.1": {
      "precision": 0.6687969924812031,
      "recall": 1.0,
      "f1": 0.8015318765487723,
      "tp": 3558,
      "fp": 1762,
      "fn": 0
    },
    "0.15": {
      "precision": 0.6687969924812031,
      "recall": 1.0,
      "f1": 0.8015318765487723,
      "tp": 3558,
      "fp": 1762,
      "fn": 0
    },
    "0.2": {
      "precision": 0.6687969924812031,
      "recall": 1.0,
      "f1": 0.8015318765487723,
      "tp": 3558,
      "fp": 1762,
      "fn": 0
    },
    "0.3": {
      "precision": 0.6687969924812031,
      "recall": 1.0,
      "f1": 0.8015318765487723,
      "tp": 3558,
      "fp": 1762,
      "fn": 0
    },
    "0.4": {
      "precision": 0.6687969924812031,
      "recall": 1.0,
      "f1": 0.8015318765487723,
      "tp": 3558,
      "fp": 1762,
      "fn": 0
    },
    "0.5": {
      "precision": 0.6687969924812031,
      "recall": 1.0,
      "f1": 0.8015318765487723,
      "tp": 3558,
      "fp": 1762,
      "fn": 0
    }
  },
  "patches_seen": 5320,
  "positive_patches": 3558,
  "negative_patches": 1762
}