{
  "config": "/Users/turnip/Desktop/HIShells copy/pv_shells/training_data/standardized_5kpc_200kms/train_standardized_high_recall.yaml",
  "model": "/Users/turnip/Desktop/HIShells copy/pv_shells/runs/pv_unet_standardized_5kpc_200kms_20260521_015917/best_model.keras",
  "split": "val",
  "batch_size": 8,
  "batches": 665,
  "loss": 0.051039430090014846,
  "pixel_pr_auc": 0.24490180611610413,
  "pixel_precision_at_0p5": 0.25054219365119934,
  "pixel_recall_at_0p5": 0.5807507634162903,
  "pixel_threshold_metrics": {
    "0.05": {
      "precision": 0.21890335203338057,
      "recall": 0.6390959694576399,
      "f1": 0.32610806671078363,
      "tp": 438586,
      "fp": 1564974,
      "fn": 247674
    },
    "0.075": {
      "precision": 0.22366284133673456,
      "recall": 0.6301343514120012,
      "f1": 0.3301431315484898,
      "tp": 432436,
      "fp": 1500992,
      "fn": 253824
    },
    "0.1": {
      "precision": 0.2270545289438034,
      "recall": 0.6237577594497712,
      "f1": 0.33292190575741953,
      "tp": 428060,
      "fp": 1457214,
      "fn": 258200
    },
    "0.15": {
      "precision": 0.23211896483429426,
      "recall": 0.6148077987934603,
      "f1": 0.3370032828262658,
      "tp": 421918,
      "fp": 1395762,
      "fn": 264342
    },
    "0.2": {
      "precision": 0.23593806339019183,
      "recall": 0.6083321190219451,
      "f1": 0.3400065643678619,
      "tp": 417474,
      "fp": 1351948,
      "fn": 268786
    },
    "0.3": {
      "precision": 0.2416835900504639,
      "recall": 0.5979395564363361,
      "f1": 0.3442310499356573,
      "tp": 410342,
      "fp": 1287506,
      "fn": 275918
    },
    "0.4": {
      "precision": 0.2463327849875099,
      "recall": 0.5891440561886165,
      "f1": 0.34740758562614926,
      "tp": 404306,
      "fp": 1236994,
      "fn": 281954
    },
    "0.5": {
      "precision": 0.2505422025304042,
      "recall": 0.5807507358727013,
      "f1": 0.350063285190914,
      "tp": 398546,
      "fp": 1192188,
      "fn": 287714
    }
  },
  "patch_detection_metrics": {
    "0.05": {
      "precision": 0.7819548872180451,
      "recall": 0.9938167509836987,
      "f1": 0.8752475247524752,
      "tp": 3536,
      "fp": 986,
      "fn": 22
    },
    "0.075": {
      "precision": 0.7861271676300579,
      "recall": 0.9938167509836987,
      "f1": 0.87785501489573,
      "tp": 3536,
      "fp": 962,
      "fn": 22
    },
    "0.1": {
      "precision": 0.7875278396436526,
      "recall": 0.9938167509836987,
      "f1": 0.878727634194831,
      "tp": 3536,
      "fp": 954,
      "fn": 22
    },
    "0.15": {
      "precision": 0.7902504472271914,
      "recall": 0.9932546374367622,
      "f1": 0.8801992528019926,
      "tp": 3534,
      "fp": 938,
      "fn": 24
    },
    "0.2": {
      "precision": 0.7916479568926807,
      "recall": 0.9910061832490163,
      "f1": 0.8801797304043933,
      "tp": 3526,
      "fp": 928,
      "fn": 32
    },
    "0.3": {
      "precision": 0.7947677041046459,
      "recall": 0.9904440697020798,
      "f1": 0.8818818818818819,
      "tp": 3524,
      "fp": 910,
      "fn": 34
    },
    "0.4": {
      "precision": 0.7964721845318861,
      "recall": 0.9898819561551433,
      "f1": 0.8827067669172932,
      "tp": 3522,
      "fp": 900,
      "fn": 36
    },
    "0.5": {
      "precision": 0.7979157227004984,
      "recall": 0.9898819561551433,
      "f1": 0.8835925740090316,
      "tp": 3522,
      "fp": 892,
      "fn": 36
    }
  },
  "patches_seen": 5320,
  "positive_patches": 3558,
  "negative_patches": 1762
}