{
  "config": "/Users/turnip/Desktop/HIShells copy/pv_shells/training_data/standardized_5kpc_200kms/train_standardized_high_recall.yaml",
  "model": "/Users/turnip/Desktop/HIShells copy/pv_shells/runs/pv_unet_standardized_5kpc_200kms_20260521_015917/high_recall_model.keras",
  "split": "test",
  "batch_size": 8,
  "batches": 920,
  "loss": 0.638449140908399,
  "pixel_pr_auc": 0.12059736251831055,
  "pixel_precision_at_0p5": 0.08359593152999878,
  "pixel_recall_at_0p5": 0.9051856398582458,
  "pixel_threshold_metrics": {
    "0.05": {
      "precision": 0.07344714762450089,
      "recall": 0.925213583199905,
      "f1": 0.13609085955223213,
      "tp": 1418036,
      "fp": 17888854,
      "fn": 114622
    },
    "0.075": {
      "precision": 0.07482627793963213,
      "recall": 0.9225397968757544,
      "f1": 0.1384250397010436,
      "tp": 1413938,
      "fp": 17482338,
      "fn": 118720
    },
    "0.1": {
      "precision": 0.07583810032206405,
      "recall": 0.9204480060130832,
      "f1": 0.1401304861673577,
      "tp": 1410732,
      "fp": 17191158,
      "fn": 121926
    },
    "0.15": {
      "precision": 0.07736665826324768,
      "recall": 0.9174584284295648,
      "f1": 0.1426998447315276,
      "tp": 1406150,
      "fp": 16768992,
      "fn": 126508
    },
    "0.2": {
      "precision": 0.07854858600940681,
      "recall": 0.9150743349135946,
      "f1": 0.14467821461725566,
      "tp": 1402496,
      "fp": 16452644,
      "fn": 130162
    },
    "0.3": {
      "precision": 0.08044292426755113,
      "recall": 0.9114910175655626,
      "f1": 0.1478384795686642,
      "tp": 1397004,
      "fp": 15969396,
      "fn": 135654
    },
    "0.4": {
      "precision": 0.0820534069221765,
      "recall": 0.908321360668851,
      "f1": 0.15051042224016675,
      "tp": 1392146,
      "fp": 15574194,
      "fn": 140512
    },
    "0.5": {
      "precision": 0.08359593014707832,
      "recall": 0.9051856317586833,
      "f1": 0.15305672710318954,
      "tp": 1387340,
      "fp": 15208444,
      "fn": 145318
    }
  },
  "patch_detection_metrics": {
    "0.05": {
      "precision": 0.6923076923076923,
      "recall": 1.0,
      "f1": 0.8181818181818181,
      "tp": 5094,
      "fp": 2264,
      "fn": 0
    },
    "0.075": {
      "precision": 0.6923076923076923,
      "recall": 1.0,
      "f1": 0.8181818181818181,
      "tp": 5094,
      "fp": 2264,
      "fn": 0
    },
    "0.1": {
      "precision": 0.6923076923076923,
      "recall": 1.0,
      "f1": 0.8181818181818181,
      "tp": 5094,
      "fp": 2264,
      "fn": 0
    },
    "0.15": {
      "precision": 0.6923076923076923,
      "recall": 1.0,
      "f1": 0.8181818181818181,
      "tp": 5094,
      "fp": 2264,
      "fn": 0
    },
    "0.2": {
      "precision": 0.6923076923076923,
      "recall": 1.0,
      "f1": 0.8181818181818181,
      "tp": 5094,
      "fp": 2264,
      "fn": 0
    },
    "0.3": {
      "precision": 0.6923076923076923,
      "recall": 1.0,
      "f1": 0.8181818181818181,
      "tp": 5094,
      "fp": 2264,
      "fn": 0
    },
    "0.4": {
      "precision": 0.6923076923076923,
      "recall": 1.0,
      "f1": 0.8181818181818181,
      "tp": 5094,
      "fp": 2264,
      "fn": 0
    },
    "0.5": {
      "precision": 0.6923076923076923,
      "recall": 1.0,
      "f1": 0.8181818181818181,
      "tp": 5094,
      "fp": 2264,
      "fn": 0
    }
  },
  "patches_seen": 7360,
  "positive_patches": 5094,
  "negative_patches": 2266
}