{
  "config": "/Users/turnip/Desktop/HIShells copy/pv_shells/training_data/standardized_5kpc_200kms/train_standardized_high_recall.yaml",
  "model": "/Users/turnip/Desktop/HIShells copy/pv_shells/runs/pv_unet_standardized_5kpc_200kms_20260521_015917/best_model.keras",
  "split": "test",
  "batch_size": 8,
  "batches": 920,
  "loss": 0.0792174269220615,
  "pixel_pr_auc": 0.28803694248199463,
  "pixel_precision_at_0p5": 0.29300129413604736,
  "pixel_recall_at_0p5": 0.6081421971321106,
  "pixel_threshold_metrics": {
    "0.05": {
      "precision": 0.2615654327376609,
      "recall": 0.6516391784729535,
      "f1": 0.37329264792067834,
      "tp": 998740,
      "fp": 2819578,
      "fn": 533918
    },
    "0.075": {
      "precision": 0.2663845649821751,
      "recall": 0.6451080410633031,
      "f1": 0.3770668543998633,
      "tp": 988730,
      "fp": 2722934,
      "fn": 543928
    },
    "0.1": {
      "precision": 0.2698426226407417,
      "recall": 0.6404024903142123,
      "f1": 0.3796952822324048,
      "tp": 981518,
      "fp": 2655854,
      "fn": 551140
    },
    "0.15": {
      "precision": 0.2747710279157514,
      "recall": 0.6336547357597063,
      "f1": 0.3833223804308142,
      "tp": 971176,
      "fp": 2563316,
      "fn": 561482
    },
    "0.2": {
      "precision": 0.27841093296979486,
      "recall": 0.628662102047554,
      "f1": 0.3859146851399112,
      "tp": 963524,
      "fp": 2497274,
      "fn": 569134
    },
    "0.3": {
      "precision": 0.28406159996561064,
      "recall": 0.6208625799101952,
      "f1": 0.3897856234370296,
      "tp": 951570,
      "fp": 2398302,
      "fn": 581088
    },
    "0.4": {
      "precision": 0.28873080958311337,
      "recall": 0.6144488855308882,
      "f1": 0.3928572024515718,
      "tp": 941740,
      "fp": 2319914,
      "fn": 590918
    },
    "0.5": {
      "precision": 0.29300128319343527,
      "recall": 0.6081421948014495,
      "f1": 0.3954674206539799,
      "tp": 932074,
      "fp": 2249052,
      "fn": 600584
    }
  },
  "patch_detection_metrics": {
    "0.05": {
      "precision": 0.8175979447655748,
      "recall": 0.9996073812328229,
      "f1": 0.8994877230171348,
      "tp": 5092,
      "fp": 1136,
      "fn": 2
    },
    "0.075": {
      "precision": 0.8210254756530152,
      "recall": 0.9996073812328229,
      "f1": 0.901558073654391,
      "tp": 5092,
      "fp": 1110,
      "fn": 2
    },
    "0.1": {
      "precision": 0.8220858895705522,
      "recall": 0.9996073812328229,
      "f1": 0.9021970233876683,
      "tp": 5092,
      "fp": 1102,
      "fn": 2
    },
    "0.15": {
      "precision": 0.8228829993535876,
      "recall": 0.9996073812328229,
      "f1": 0.9026768303492287,
      "tp": 5092,
      "fp": 1096,
      "fn": 2
    },
    "0.2": {
      "precision": 0.8236245954692557,
      "recall": 0.9992147624656459,
      "f1": 0.9029625687422388,
      "tp": 5090,
      "fp": 1090,
      "fn": 4
    },
    "0.3": {
      "precision": 0.8251702886798573,
      "recall": 0.9988221436984688,
      "f1": 0.9037300177619894,
      "tp": 5088,
      "fp": 1078,
      "fn": 6
    },
    "0.4": {
      "precision": 0.8270481144343304,
      "recall": 0.9988221436984688,
      "f1": 0.9048550595767384,
      "tp": 5088,
      "fp": 1064,
      "fn": 6
    },
    "0.5": {
      "precision": 0.828125,
      "recall": 0.9988221436984688,
      "f1": 0.9054991991457555,
      "tp": 5088,
      "fp": 1056,
      "fn": 6
    }
  },
  "patches_seen": 7360,
  "positive_patches": 5094,
  "negative_patches": 2266
}