{
  "loss": [
    0.38719886541366577,
    0.33341512084007263,
    0.32647860050201416,
    0.32137033343315125,
    0.3103121519088745,
    0.31078004837036133,
    0.3110070824623108,
    0.30608677864074707,
    0.3053147494792938,
    0.2971784472465515,
    0.2857350707054138,
    0.2833276093006134,
    0.28610849380493164,
    0.28153717517852783,
    0.28007861971855164
  ],
  "patch_precision_0p05": [
    0.7687012553215027,
    0.7969610691070557,
    0.8003812432289124,
    0.8140430450439453,
    0.811271071434021,
    0.8254666924476624,
    0.8065213561058044,
    0.825008749961853,
    0.8225092887878418,
    0.8351122736930847,
    0.8241223692893982,
    0.8297428488731384,
    0.8182944059371948,
    0.8354207277297974,
    0.840192437171936
  ],
  "patch_precision_0p075": [
    0.7719406485557556,
    0.8006774187088013,
    0.8034518957138062,
    0.818052351474762,
    0.8134235143661499,
    0.8276911973953247,
    0.809402346611023,
    0.8282935619354248,
    0.826298713684082,
    0.8381750583648682,
    0.8262704610824585,
    0.8323342800140381,
    0.8207936882972717,
    0.839720606803894,
    0.8422382473945618
  ],
  "patch_precision_0p1": [
    0.7731589674949646,
    0.8038039803504944,
    0.8071364760398865,
    0.8204942941665649,
    0.8137906193733215,
    0.828788161277771,
    0.8119705319404602,
    0.8289380073547363,
    0.8271087408065796,
    0.8411232829093933,
    0.8302491307258606,
    0.8338669538497925,
    0.8239039182662964,
    0.8415073752403259,
    0.8443146347999573
  ],
  "patch_recall_0p05": [
    0.9515243172645569,
    0.905005693435669,
    0.8896378874778748,
    0.883672297000885,
    0.8773495554924011,
    0.8764023780822754,
    0.8676356673240662,
    0.8909845352172852,
    0.8877005577087402,
    0.8666921257972717,
    0.901178240776062,
    0.8997739553451538,
    0.8786094188690186,
    0.9053718447685242,
    0.8894756436347961
  ],
  "patch_recall_0p075": [
    0.9460329413414001,
    0.8964732885360718,
    0.8786594867706299,
    0.8734080791473389,
    0.867476761341095,
    0.8640613555908203,
    0.8608527183532715,
    0.8834401965141296,
    0.8749045133590698,
    0.8596256971359253,
    0.893006443977356,
    0.8894122242927551,
    0.8683510422706604,
    0.8963869214057922,
    0.8800452947616577
  ],
  "patch_recall_0p1": [
    0.940352201461792,
    0.8894577026367188,
    0.8713405132293701,
    0.8644744157791138,
    0.860451877117157,
    0.8580777645111084,
    0.8544573783874512,
    0.8774047493934631,
    0.8670741319656372,
    0.8523682355880737,
    0.8867350816726685,
    0.883195161819458,
    0.8603723645210266,
    0.8921812176704407,
    0.8725009560585022
  ],
  "pixel_precision_0p05": [
    0.026666756719350815,
    0.23604293167591095,
    0.253889799118042,
    0.2662343382835388,
    0.28240448236465454,
    0.2853625416755676,
    0.2857450544834137,
    0.29725971817970276,
    0.29732152819633484,
    0.31395524740219116,
    0.33463406562805176,
    0.33616653084754944,
    0.33728060126304626,
    0.3404013514518738,
    0.35201767086982727
  ],
  "pixel_precision_0p075": [
    0.03588725998997688,
    0.2438833862543106,
    0.2615811824798584,
    0.27408212423324585,
    0.2902161478996277,
    0.2930552363395691,
    0.2930257022380829,
    0.30455076694488525,
    0.3049735724925995,
    0.3214401304721832,
    0.34286996722221375,
    0.34427085518836975,
    0.3456651568412781,
    0.3482324779033661,
    0.3600683808326721
  ],
  "pixel_precision_0p1": [
    0.045825984328985214,
    0.24948681890964508,
    0.267009973526001,
    0.279491126537323,
    0.295736700296402,
    0.2983388900756836,
    0.29804980754852295,
    0.3095695972442627,
    0.3101813495159149,
    0.3266201913356781,
    0.34836554527282715,
    0.3498656749725342,
    0.351426899433136,
    0.35367780923843384,
    0.36558768153190613
  ],
  "pixel_recall_0p05": [
    0.6022630929946899,
    0.5488387942314148,
    0.546493411064148,
    0.5595302581787109,
    0.5728043913841248,
    0.5744779706001282,
    0.5709887146949768,
    0.5746132731437683,
    0.587860107421875,
    0.6002983450889587,
    0.6138737797737122,
    0.621049165725708,
    0.6083704829216003,
    0.6176009774208069,
    0.6149660348892212
  ],
  "pixel_recall_0p075": [
    0.5808087587356567,
    0.5369099974632263,
    0.5358327627182007,
    0.5487521290779114,
    0.5629810094833374,
    0.5645809173583984,
    0.5616769194602966,
    0.5656255483627319,
    0.5784298181533813,
    0.5913959741592407,
    0.6052759885787964,
    0.612612783908844,
    0.5996727347373962,
    0.6095597743988037,
    0.6070164442062378
  ],
  "pixel_recall_0p1": [
    0.5656206011772156,
    0.5286285281181335,
    0.528433084487915,
    0.5414614677429199,
    0.5561966300010681,
    0.55756014585495,
    0.5554254651069641,
    0.5593565702438354,
    0.5717909932136536,
    0.5853541493415833,
    0.5991974472999573,
    0.60662841796875,
    0.5935825705528259,
    0.6039406061172485,
    0.601434051990509
  ],
  "pr_auc": [
    0.18427716195583344,
    0.24841716885566711,
    0.25975650548934937,
    0.27404218912124634,
    0.294918417930603,
    0.3020399808883667,
    0.29536962509155273,
    0.3131808936595917,
    0.31655353307724,
    0.33408865332603455,
    0.367133766412735,
    0.3749377131462097,
    0.3659001290798187,
    0.367662638425827,
    0.38076144456863403
  ],
  "val_loss": [
    0.7455734014511108,
    0.37469860911369324,
    0.35423192381858826,
    0.4402756989002228,
    0.40230509638786316,
    0.38169631361961365,
    0.38271644711494446,
    0.3652633726596832,
    0.37199628353118896,
    0.3914737105369568,
    0.4084605574607849,
    0.3806470036506653,
    0.40327030420303345,
    0.3714883625507355,
    0.3743041157722473
  ],
  "val_patch_precision_0p05": [
    0.7443181872367859,
    0.9097421169281006,
    0.8827493190765381,
    0.8807692527770996,
    0.8841463327407837,
    0.8687415719032288,
    0.893203854560852,
    0.8452380895614624,
    0.8942171931266785,
    0.8997134566307068,
    0.8970358967781067,
    0.9039881825447083,
    0.8985074758529663,
    0.8994252681732178,
    0.8999999761581421
  ],
  "val_patch_precision_0p075": [
    0.7443181872367859,
    0.9096125960350037,
    0.8839406371116638,
    0.8811880946159363,
    0.8840803503990173,
    0.871408998966217,
    0.8935574293136597,
    0.8474801182746887,
    0.8977272510528564,
    0.9023323655128479,
    0.8979266285896301,
    0.9058296084403992,
    0.8968133330345154,
    0.9017341136932373,
    0.9005934596061707
  ],
  "val_patch_precision_0p1": [
    0.7443181872367859,
    0.9134199023246765,
    0.8839406371116638,
    0.8821138143539429,
    0.8855799436569214,
    0.8734525442123413,
    0.8957746624946594,
    0.8493333458900452,
    0.9012875556945801,
    0.9017595052719116,
    0.899350643157959,
    0.9052631855010986,
    0.8969230651855469,
    0.9024745225906372,
    0.901931643486023
  ],
  "val_patch_recall_0p05": [
    1.0,
    0.9694656729698181,
    1.0,
    0.6992366313934326,
    0.885496199131012,
    0.9801526665687561,
    0.9832060933113098,
    0.9755725264549255,
    0.9679389595985413,
    0.9587786197662354,
    0.8778625726699829,
    0.9343511462211609,
    0.9190839529037476,
    0.9557251930236816,
    0.9343511462211609
  ],
  "val_patch_recall_0p075": [
    1.0,
    0.9679389595985413,
    1.0,
    0.6793892979621887,
    0.8732824325561523,
    0.9725190997123718,
    0.9740458130836487,
    0.9755725264549255,
    0.9648854732513428,
    0.9450381398200989,
    0.8595420122146606,
    0.9251908659934998,
    0.9022901058197021,
    0.9526717662811279,
    0.9267175793647766
  ],